{
    "root_group": {
        "name": "",
        "path": "",
        "id": "d41d8cd98f00b204e9800998ecf8427e",
        "groups": {},
        "checks": {
                "GET 200": {
                    "name": "GET 200",
                    "path": "::GET 200",
                    "id": "835c47aa361246554e0c8a59faa18f11",
                    "passes": 160,
                    "fails": 0
                },
                "POST 201": {
                    "name": "POST 201",
                    "path": "::POST 201",
                    "id": "5c9c58873cc91543900e18f58beb50d1",
                    "passes": 160,
                    "fails": 0
                }
            }
    },
    "metrics": {
        "error_rate": {
            "fails": 320,
            "passes": 0,
            "value": 0
        },
        "http_req_waiting": {
            "min": 92.9229,
            "med": 414.20045,
            "max": 1383.7359,
            "p(90)": 845.58173,
            "p(95)": 903.5098900000002,
            "avg": 455.5987715625003
        },
        "http_req_receiving": {
            "avg": 0.7290487500000002,
            "min": 0,
            "med": 0.4243,
            "max": 6.6582,
            "p(90)": 1.67455,
            "p(95)": 2.154535000000001
        },
        "http_req_sending": {
            "avg": 0.10004500000000001,
            "min": 0,
            "med": 0,
            "max": 2.5983,
            "p(90)": 0.4174900000000001,
            "p(95)": 0.52547
        },
        "http_req_blocked": {
            "avg": 10.374312812500001,
            "min": 0,
            "med": 0,
            "max": 223.3493,
            "p(90)": 0,
            "p(95)": 139.917865
        },
        "checks": {
            "passes": 320,
            "fails": 0,
            "value": 1
        },
        "http_req_duration{expected_response:true}": {
            "avg": 456.4278653125002,
            "min": 93.5953,
            "med": 414.37995,
            "max": 1389.773,
            "p(90)": 846.11728,
            "p(95)": 904.8953600000001
        },
        "http_req_duration": {
            "avg": 456.4278653125002,
            "min": 93.5953,
            "med": 414.37995,
            "max": 1389.773,
            "p(90)": 846.11728,
            "p(95)": 904.8953600000001,
            "thresholds": {
                "p(95)<800": true
            }
        },
        "custom_latency": {
            "avg": 456.4278653125002,
            "min": 93.5953,
            "med": 414.37995,
            "max": 1389.773,
            "p(90)": 846.11728,
            "p(95)": 904.8953600000001
        },
        "http_req_tls_handshaking": {
            "avg": 5.332717499999999,
            "min": 0,
            "med": 0,
            "max": 111.7512,
            "p(90)": 0,
            "p(95)": 72.16213
        },
        "data_received": {
            "count": 1163719,
            "rate": 13903.719951761368
        },
        "http_req_failed": {
            "passes": 0,
            "fails": 320,
            "thresholds": {
                "rate<0.01": false
            },
            "value": 0
        },
        "http_reqs": {
            "count": 320,
            "rate": 3.823251476141266
        },
        "http_req_connecting": {
            "p(90)": 0,
            "p(95)": 67.55510000000001,
            "avg": 4.969511562500001,
            "min": 0,
            "med": 0,
            "max": 107.7829
        },
        "iteration_duration": {
            "avg": 3934.7234506249997,
            "min": 3499.0595,
            "med": 3901.8439,
            "max": 4600.2714,
            "p(90)": 4214.19345,
            "p(95)": 4324.26335
        },
        "data_sent": {
            "count": 68491,
            "rate": 818.3072401637232
        },
        "iterations": {
            "count": 160,
            "rate": 1.911625738070633
        },
        "vus_max": {
            "value": 10,
            "min": 10,
            "max": 10
        },
        "vus": {
            "value": 1,
            "min": 1,
            "max": 10
        }
    }
}